x,y,Width,Height,Score,Label
3089,2212,655,517,0.29244,hairClip
1485,1167,2969,2336,0.67221,vancouverCards
3080,2218,674,517,0.81847,brownDie
