x,y,Width,Height,Score,Label
2455,2025,1991,1997,0.05472,cloudSign
2078,1104,3795,1158,0.09214,noisemaker
