x,y,Width,Height,Score,Label
1853,1635,3137,2156,0.06497,foamDart
2479,177,447,354,0.37298,lavenderDie
1815,1660,3205,2170,0.51778,redDart
