x,y,Width,Height,Score,Label
1664,1440,704,1560,0.05149,foamDart
1690,2598,784,3933,0.30412,silverStraw
