x,y,Width,Height,Score,Label
542,1885,1031,2276,0.05275,cloudSign
2637,1459,1698,1776,0.91959,paperPlate
