x,y,Width,Height,Score,Label
1957,1805,1090,1439,0.11778,redBow
2344,1137,406,514,0.88144,turtle
