x,y,Width,Height,Score,Label
2466,926,3067,1824,0.28152,giftBag
612,2882,1225,236,0.40886,glassBead
