x,y,Width,Height,Score,Label
183,1717,366,960,0.10003,glassBead
1629,1757,3215,2391,0.34364,yellowBalloon
3731,1592,538,1062,0.39407,glassBead
