x,y,Width,Height,Score,Label
3717,1280,606,2561,0.05918,sign
2167,1538,3121,1484,0.13,rainbowPens
2132,1552,3234,1464,0.81652,canadaPencil
