x,y,Width,Height,Score,Label
2924,2867,1523,312,0.05964,pinkCandle
2135,1421,809,949,0.93973,rubiksCube
