x,y,Width,Height,Score,Label
2936,2181,3766,1612,0.09202,cupcakePaper
1540,2426,1075,736,0.94322,turtle
