x,y,Width,Height,Score,Label
2952,539,2158,1078,0.12374,paperPlate
1321,954,748,805,0.17446,miniCards
1303,965,752,812,0.63296,hairClip
