x,y,Width,Height,Score,Label
1424,2912,526,543,0.09906,miniCards
1129,1237,1953,1395,0.55587,voiceRecorder
