x,y,Width,Height,Score,Label
950,1424,608,2723,0.85905,rainbowPens
2087,1112,1339,1391,0.94769,pumpkinNotes
