x,y,Width,Height,Score,Label
3876,2073,3191,2653,0.05436,yellowBag
890,2172,1780,1238,0.08864,partyFavor
