x,y,Width,Height,Score,Label
2497,1472,1191,594,0.10804,partyFavor
1635,2199,277,520,0.11652,lavenderDie
866,1363,897,862,0.13151,stickerBox
1493,1356,669,831,0.59701,stickerBox
