x,y,Width,Height,Score,Label
3289,204,1484,409,0.06821,plaidPencil
2079,1314,3904,2208,0.21316,silverStraw
