x,y,Width,Height,Score,Label
613,589,1173,243,0.06957,canadaPencil
612,839,1146,955,0.11139,rainbowPens
600,606,1200,182,0.55875,rainbowPens
