x,y,Width,Height,Score,Label
1845,1477,2456,2928,0.34114,miniCards
1855,1474,2508,2948,0.48093,paperPlate
