x,y,Width,Height,Score,Label
2705,1485,2652,2813,0.43304,birdCall
2666,1504,2730,2837,0.52817,gClamp
