x,y,Width,Height,Score,Label
1586,1521,3020,2894,0.43761,cupcakePaper
1557,1526,3001,2976,0.47214,giftBag
