x,y,Width,Height,Score,Label
817,1949,495,465,0.87255,spiderRing
1098,2591,1078,607,0.87257,metalKey
