x,y,Width,Height,Score,Label
3857,2673,348,699,0.17511,birdCall
2628,1566,2210,2292,0.90586,paperPlate
