x,y,Width,Height,Score,Label
1790,625,2415,730,0.1336,voiceRecorder
1006,801,661,404,0.17832,voiceRecorder
2592,555,805,484,0.25257,voiceRecorder
