x,y,Width,Height,Score,Label
3249,1030,1670,1766,0.44614,redBow
1404,1540,746,547,0.88807,turtle
