x,y,Width,Height,Score,Label
877,1859,1299,2215,0.05177,redDart
900,1845,1262,2217,0.1549,redWhistle
903,1852,1287,2204,0.21652,redBow
