x,y,Width,Height,Score,Label
2986,1421,2089,2006,0.07078,redBow
2989,1434,2020,2045,0.07892,redDart
2994,1361,2076,1930,0.0964,metalKey
1930,2294,1656,1132,0.39918,redWhistle
