x,y,Width,Height,Score,Label
475,624,915,1161,0.62343,giftBag
297,1009,307,276,0.83324,rubiksCube
