x,y,Width,Height,Score,Label
1766,1920,1804,3031,0.07242,noisemaker
2110,963,879,1009,0.45223,yellowBalloon
