x,y,Width,Height,Score,Label
757,1792,253,831,0.08856,pinkCandle
2098,1512,3740,3024,0.31309,giftBag
