x,y,Width,Height,Score,Label
2129,1346,1743,1488,0.08385,gyroscope
2115,1350,1716,1473,0.10258,turtle
2125,1338,1719,1491,0.10731,redBow
