x,y,Width,Height,Score,Label
1825,1036,1244,1736,0.14164,eyeball
2332,343,230,654,0.18813,eyeball
