x,y,Width,Height,Score,Label
3501,2211,475,597,0.38943,eyeball
3522,1955,1969,1757,0.89324,eyeball
