x,y,Width,Height,Score,Label
3857,255,339,430,0.07594,birdCall
3851,270,346,440,0.17314,hairClip
