x,y,Width,Height,Score,Label
1978,3137,976,1553,0.05975,gClamp
1972,3150,936,1547,0.09307,gyroscope
