x,y,Width,Height,Score,Label
3543,1528,966,2769,0.11346,plaidPencil
1504,1840,1725,1165,0.13432,gClamp
3563,772,938,1491,0.30433,legoBracelet
3542,1578,958,2850,0.41305,canadaPencil
3542,1362,979,2385,0.41625,gyroscope
1592,2714,3174,619,0.42561,plaidPencil
