x,y,Width,Height,Score,Label
181,198,361,395,0.07533,partyFavor
1359,1299,2693,2599,0.12741,giftBag
