x,y,Width,Height,Score,Label
1553,1058,580,289,0.05897,metalKey
1567,1067,564,268,0.07126,partyFavor
