x,y,Width,Height,Score,Label
2849,2558,350,560,0.07263,partyFavor
2968,2090,110,540,0.11436,partyFavor
