x,y,Width,Height,Score,Label
926,1860,516,606,0.15711,voiceRecorder
937,1853,524,641,0.26892,trophy
1653,512,929,493,0.90899,blueSunglasses
