x,y,Width,Height,Score,Label
761,1433,621,313,0.35139,rainbowPens
754,1437,593,325,0.35581,noisemaker
689,518,1020,1018,0.45661,vancouverCards
