x,y,Width,Height,Score,Label
1966,974,2283,877,0.15781,birdCall
3859,1125,325,612,0.41537,metalKey
