x,y,Width,Height,Score,Label
2628,1462,805,1029,0.10188,spiderRing
1729,1651,1422,1222,0.30735,metalKey
1834,2135,493,395,0.78815,brownDie
