x,y,Width,Height,Score,Label
4996,2103,1318,2268,0.31821,pinkCandle
2875,2753,685,460,0.35685,turtle
