x,y,Width,Height,Score,Label
2536,776,1410,534,0.23178,legoBracelet
1971,2340,440,464,0.91274,eyeball
