x,y,Width,Height,Score,Label
3971,2929,120,189,0.0768,lavenderDie
1523,1501,3046,2983,0.07751,sign
2722,1606,629,491,0.84288,brownDie
