x,y,Width,Height,Score,Label
2195,1470,1996,1320,0.12744,voiceRecorder
2200,1466,2120,1301,0.90504,glassBead
