x,y,Width,Height,Score,Label
3479,91,691,182,0.13841,partyFavor
2082,1263,355,427,0.63956,turtle
1691,2183,542,520,0.90277,rubiksCube
