x,y,Width,Height,Score,Label
782,788,672,519,0.18223,redDart
366,538,732,986,0.19023,yellowBag
651,604,390,396,0.79663,rubiksCube
