x,y,Width,Height,Score,Label
237,654,475,1071,0.05318,cupcakePaper
506,1004,370,375,0.76693,metalKey
661,612,259,249,0.93275,rubiksCube
