x,y,Width,Height,Score,Label
3537,1584,688,1027,0.09766,hairClip
1935,1988,1062,763,0.66486,turtle
