x,y,Width,Height,Score,Label
2815,812,1546,982,0.20389,turtle
2880,2021,2760,1734,0.34838,cupcakePaper
