x,y,Width,Height,Score,Label
1702,1402,2066,1807,0.05575,cupcakePaper
1375,2625,2589,2043,0.11151,paperPlate
