x,y,Width,Height,Score,Label
916,903,85,316,0.10396,birdCall
487,1053,315,147,0.19685,metalKey
173,747,346,788,0.3144,giftBag
