x,y,Width,Height,Score,Label
2002,1492,3299,1056,0.42107,rainbowPens
2972,1548,1178,875,0.64581,gyroscope
