x,y,Width,Height,Score,Label
2921,1812,1298,2094,0.06382,yellowBalloon
2926,1824,1314,2094,0.06561,birdCall
