x,y,Width,Height,Score,Label
1081,125,1868,242,0.06583,partyFavor
2947,119,1638,217,0.11247,partyFavor
1295,2295,237,245,0.81967,lavenderDie
