x,y,Width,Height,Score,Label
702,703,1381,1405,0.07788,sign
2835,903,2314,1747,0.57305,giftBag
