x,y,Width,Height,Score,Label
1966,1754,1566,2471,0.21418,metalKey
1901,1743,1636,2500,0.29786,trophy
