x,y,Width,Height,Score,Label
2915,2217,4832,2464,0.09928,carabiner
4136,3322,805,625,0.46012,turtle
