x,y,Width,Height,Score,Label
2125,557,2315,1050,0.05769,cupcakePaper
1734,1802,3192,1868,0.25158,paperPlate
