x,y,Width,Height,Score,Label
2413,879,682,457,0.13031,partyFavor
3449,1623,1134,2739,0.15235,noisemaker
1663,1720,309,380,0.24922,hairRoller
1509,740,1009,844,0.4088,paperPlate
503,1865,331,600,0.6425,gyroscope
