x,y,Width,Height,Score,Label
970,1288,1111,668,0.09482,pinkEraser
949,1312,1078,668,0.35183,noisemaker
