x,y,Width,Height,Score,Label
1118,509,149,768,0.15112,cowbell
455,1422,519,355,0.37296,vancouverCards
205,690,396,1244,0.46563,sign
138,1220,276,225,0.83963,gyroscope
696,912,125,145,0.87986,eyeball
