x,y,Width,Height,Score,Label
1501,1606,3002,1494,0.05262,cupcakePaper
1516,1664,3033,1469,0.06055,giftBag
2406,1345,875,684,0.06954,turtle
716,2136,467,369,0.12325,hairClip
