x,y,Width,Height,Score,Label
2373,1894,1260,1006,0.09148,turtle
1195,1599,1495,1631,0.76457,rubiksCube
