x,y,Width,Height,Score,Label
2769,1714,434,281,0.06771,eyeball
2774,1720,391,317,0.73492,lavenderDie
