x,y,Width,Height,Score,Label
124,270,219,220,0.12429,partyFavor
51,451,102,281,0.17321,partyFavor
590,620,294,204,0.93832,redWhistle
