x,y,Width,Height,Score,Label
720,399,429,268,0.14275,partyFavor
144,203,290,383,0.79289,partyFavor
654,1073,194,194,0.88506,brownDie
