x,y,Width,Height,Score,Label
2925,1456,2149,2223,0.09808,rainbowPens
1626,1175,2635,1830,0.37899,rainbowPens
