x,y,Width,Height,Score,Label
1927,1806,2128,1930,0.0556,redBow
3400,1332,521,481,0.55032,turtle
3487,1723,608,529,0.86462,spiderRing
