x,y,Width,Height,Score,Label
2515,2043,1017,3666,0.05722,spiderRing
390,2325,770,2603,0.05777,redDart
