x,y,Width,Height,Score,Label
1742,1740,1637,917,0.74543,gClamp
1743,2718,3310,520,0.78411,silverStraw
