x,y,Width,Height,Score,Label
2273,1722,3209,1241,0.12205,redBow
2264,1698,3150,1334,0.12374,hairRoller
