x,y,Width,Height,Score,Label
2580,1352,960,562,0.17187,partyFavor
1758,1486,1222,647,0.38642,partyFavor
