x,y,Width,Height,Score,Label
1953,1022,3166,1663,0.05493,cupcakePaper
1955,1014,3233,1598,0.07214,giftBag
