x,y,Width,Height,Score,Label
286,1560,544,2880,0.06062,rainbowPens
274,1471,549,2889,0.07498,sign
279,1454,558,2853,0.53128,cowbell
2580,1622,1810,1913,0.93175,pumpkinNotes
