x,y,Width,Height,Score,Label
3923,360,207,473,0.11083,partyFavor
3130,401,304,288,0.19315,partyFavor
1819,1266,139,170,0.27015,lavenderDie
