x,y,Width,Height,Score,Label
3505,1928,2566,1471,0.07659,brownDie
3639,1909,2599,1515,0.07847,stickerBox
