x,y,Width,Height,Score,Label
1967,1939,2516,1746,0.77222,rainbowPens
1989,747,2456,1119,0.91347,pumpkinNotes
