x,y,Width,Height,Score,Label
1897,823,2036,1608,0.05978,birdCall
3180,354,157,674,0.10139,hairClip
1459,1886,660,680,0.90009,miniCards
