x,y,Width,Height,Score,Label
955,2673,1420,696,0.38323,eyeball
981,2676,1438,694,0.46567,hairClip
