x,y,Width,Height,Score,Label
2484,1532,1805,2983,0.21362,vancouverCards
1788,1315,297,299,0.72462,lavenderDie
1782,1309,310,292,0.74424,brownDie
