x,y,Width,Height,Score,Label
2243,1529,2973,2784,0.09368,paperPlate
2207,1525,2944,2804,0.45877,pumpkinNotes
