x,y,Width,Height,Score,Label
1627,2939,422,168,0.07952,pinkCandle
2291,1660,2400,1202,0.39384,redDart
