x,y,Width,Height,Score,Label
1287,1329,476,437,0.73558,gyroscope
2662,2020,566,443,0.91652,gyroscope
