x,y,Width,Height,Score,Label
2679,1509,2234,1773,0.05162,glassBead
2694,1513,2227,1766,0.05939,redWhistle
