x,y,Width,Height,Score,Label
2237,1776,2009,3069,0.47118,gyroscope
2218,1793,2036,3063,0.77008,gClamp
