x,y,Width,Height,Score,Label
1591,1687,1436,920,0.66556,turtle
3097,1865,698,625,0.82733,brownDie
