x,y,Width,Height,Score,Label
1934,1464,3316,2542,0.18273,paperPlate
2483,768,1772,1011,0.21523,cupcakePaper
