x,y,Width,Height,Score,Label
2616,360,5233,720,0.05103,cactusPaper
2737,1499,5192,1092,0.14995,yellowBag
