x,y,Width,Height,Score,Label
2186,2734,1228,1108,0.51982,partyFavor
1439,2882,581,997,0.90657,voiceRecorder
