x,y,Width,Height,Score,Label
2010,1276,3276,785,0.29955,noisemaker
1888,1885,3114,731,0.34352,noisemaker
