x,y,Width,Height,Score,Label
3989,1638,83,436,0.08684,brownDie
1024,1759,2007,2400,0.13944,paperPlate
2426,1134,562,543,0.29534,turtle
2483,1640,729,581,0.87536,spiderRing
