x,y,Width,Height,Score,Label
4402,2823,391,400,0.06956,lavenderDie
3844,986,726,561,0.16058,turtle
932,1845,1009,713,0.9182,turtle
