x,y,Width,Height,Score,Label
180,1657,360,786,0.08352,partyFavor
2076,2028,2442,1984,0.82426,paperPlate
