x,y,Width,Height,Score,Label
2585,1542,432,351,0.33191,eyeball
2585,1558,428,366,0.76691,lavenderDie
