x,y,Width,Height,Score,Label
68,324,129,198,0.09096,voiceRecorder
69,332,132,211,0.23409,lavenderDie
676,540,1031,1043,0.24608,yellowBag
