x,y,Width,Height,Score,Label
4998,1953,370,829,0.17175,birdCall
5000,2049,367,835,0.23131,partyFavor
2606,1557,902,565,0.77472,turtle
