x,y,Width,Height,Score,Label
1947,941,1625,1449,0.72711,partyFavor
1778,550,886,615,0.75435,partyFavor
