x,y,Width,Height,Score,Label
76,1241,151,915,0.09636,partyFavor
525,501,1023,526,0.22346,partyFavor
2781,1523,580,721,0.91748,rubiksCube
