x,y,Width,Height,Score,Label
2358,1881,4717,1250,0.05061,pinkEraser
2330,1525,4490,1989,0.42845,noisemaker
