x,y,Width,Height,Score,Label
3206,890,1548,1771,0.41022,rubiksCube
1185,547,922,1018,0.81698,partyFavor
