x,y,Width,Height,Score,Label
2096,1042,3869,1779,0.05323,noisemaker
2100,1023,3778,1823,0.12138,gClamp
870,1115,1591,1708,0.62847,miniCards
