x,y,Width,Height,Score,Label
1459,1902,2811,1647,0.07165,turtle
2313,1621,1072,994,0.22439,redWhistle
