x,y,Width,Height,Score,Label
437,284,268,200,0.24701,voiceRecorder
219,356,209,274,0.61948,redDart
742,398,329,200,0.81117,foamDart
