x,y,Width,Height,Score,Label
1926,1187,1006,1916,0.85685,sign
2964,1986,549,486,0.89057,eyeball
