x,y,Width,Height,Score,Label
2514,1736,1675,2493,0.10082,eyeball
2504,1653,1696,2615,0.25475,cupcakePaper
