x,y,Width,Height,Score,Label
4201,773,1672,1308,0.12346,partyFavor
3513,1305,1338,1197,0.25432,partyFavor
1481,1720,1457,846,0.52063,partyFavor
