x,y,Width,Height,Score,Label
1556,2705,1078,638,0.19592,redDart
1160,1100,852,914,0.85074,cupcakePaper
