x,y,Width,Height,Score,Label
2554,2936,703,151,0.13814,partyFavor
3912,2711,239,590,0.20917,partyFavor
3912,2694,233,609,0.39759,voiceRecorder
