x,y,Width,Height,Score,Label
2356,1559,2708,1862,0.08064,rainbowPens
1770,1600,1692,2346,0.64239,cactusPaper
