x,y,Width,Height,Score,Label
1728,1757,359,346,0.20673,voiceRecorder
1952,1256,1701,1291,0.82894,blueSunglasses
1730,1760,337,309,0.87855,brownDie
