x,y,Width,Height,Score,Label
998,1308,1018,968,0.36555,turtle
2808,1099,558,455,0.62482,lavenderDie
2810,1087,588,481,0.75743,brownDie
