x,y,Width,Height,Score,Label
1256,902,2369,1175,0.08211,noisemaker
1426,2598,2318,1182,0.74739,noisemaker
