x,y,Width,Height,Score,Label
2721,2461,441,489,0.47363,rubiksCube
1450,1488,2825,2977,0.59965,cupcakePaper
