x,y,Width,Height,Score,Label
3051,1398,1477,1682,0.18076,cupcakePaper
1244,929,1071,1228,0.95256,miniCards
