x,y,Width,Height,Score,Label
3244,2044,1108,2242,0.05079,redBow
3252,2076,1138,2231,0.11229,birdCall
3298,1657,4479,3068,0.30392,birdCall
3286,1600,5065,3028,0.42741,giftBag
1020,3536,969,783,0.4881,turtle
