x,y,Width,Height,Score,Label
1976,1500,3953,3000,0.12094,paperPlate
2000,1500,4000,3000,0.30741,pumpkinNotes
