x,y,Width,Height,Score,Label
2143,1743,2603,1738,0.30547,gClamp
2181,1722,2583,1760,0.36367,birdCall
