x,y,Width,Height,Score,Label
768,564,489,607,0.27318,redDart
1073,1202,234,796,0.39464,rainbowPens
370,1034,408,360,0.93525,redWhistle
