x,y,Width,Height,Score,Label
2328,2786,699,475,0.12557,eyeball
1878,1507,2358,3013,0.60085,paperPlate
