x,y,Width,Height,Score,Label
1172,2108,881,1292,0.18229,gyroscope
1173,2058,837,1109,0.58705,redWhistle
2261,1404,519,521,0.81033,gyroscope
2264,1405,512,489,0.84203,redWhistle
