x,y,Width,Height,Score,Label
1658,2503,658,574,0.26101,hairClip
1658,2510,671,594,0.76339,brownDie
