x,y,Width,Height,Score,Label
989,888,444,393,0.38526,partyFavor
979,889,413,398,0.55156,spiderRing
1602,1359,545,548,0.89586,rubiksCube
